"user_id","first","last","country","picture"
1,"Richard","Pierre","Switzerland","https://randomuser.me/api/portraits/men/11.jpg"
2,"Jar","Ruiz","United Kingdom","https://randomuser.me/api/portraits/men/53.jpg"
3,"Guillaume","Le Gall","France","https://randomuser.me/api/portraits/men/39.jpg"
4,"Lobna","Onstenk","Netherlands","https://randomuser.me/api/portraits/women/14.jpg"
5,"Caroline","Andersen","Denmark","https://randomuser.me/api/portraits/women/80.jpg"
6,"Zoe","Bakhuis","Netherlands","https://randomuser.me/api/portraits/women/31.jpg"
7,"Abraham","Escobar","Mexico","https://randomuser.me/api/portraits/men/78.jpg"
8,"Aribert","Schwager","Germany","https://randomuser.me/api/portraits/men/19.jpg"
9,"Savannah","Walker","New Zealand","https://randomuser.me/api/portraits/women/34.jpg"
10,"Luna","Braastad","Norway","https://randomuser.me/api/portraits/women/78.jpg"
11,"Gabin","Roy","France","https://randomuser.me/api/portraits/men/47.jpg"
12,"Jacob","Patterson","Ireland","https://randomuser.me/api/portraits/men/80.jpg"
13,"Horst","Guillaume","Switzerland","https://randomuser.me/api/portraits/men/69.jpg"
14,"Matthieu","Lefevre","France","https://randomuser.me/api/portraits/men/13.jpg"
15,"Enrique","Walker","Ireland","https://randomuser.me/api/portraits/men/41.jpg"
16,"Katrine","Poulsen","Denmark","https://randomuser.me/api/portraits/women/86.jpg"
17,"Nikifor","Goshovskiy","Ukraine","https://randomuser.me/api/portraits/men/93.jpg"
18,"Adeline","Kurz","Germany","https://randomuser.me/api/portraits/women/20.jpg"
19,"Ljubiša","Tomić","Serbia","https://randomuser.me/api/portraits/men/34.jpg"
20,"Bernhard","Vogt","Germany","https://randomuser.me/api/portraits/men/56.jpg"
21,"Leta","Rogers","United States","https://randomuser.me/api/portraits/women/59.jpg"
22,"Nalan","Ekşioğlu","Turkey","https://randomuser.me/api/portraits/women/73.jpg"
23,"Tine","Langset","Norway","https://randomuser.me/api/portraits/women/8.jpg"
24,"Varlene","Silveira","Brazil","https://randomuser.me/api/portraits/women/19.jpg"
25,"Clyde","Jacobs","Ireland","https://randomuser.me/api/portraits/men/76.jpg"
26,"Fennie","Ilbrink","Netherlands","https://randomuser.me/api/portraits/women/4.jpg"
27,"اميرحسين","نجاتی","Iran","https://randomuser.me/api/portraits/men/58.jpg"
28,"Abraham","Aguirre","Mexico","https://randomuser.me/api/portraits/men/4.jpg"
29,"Harry","Hall","New Zealand","https://randomuser.me/api/portraits/men/74.jpg"
30,"Robert","Parker","United Kingdom","https://randomuser.me/api/portraits/men/34.jpg"
31,"Wesley","Foster","United States","https://randomuser.me/api/portraits/men/82.jpg"
32,"Lorenzo","Gil","Spain","https://randomuser.me/api/portraits/men/65.jpg"
33,"Marilou","Lam","Canada","https://randomuser.me/api/portraits/women/64.jpg"
34,"Jakob","Snyder","United Kingdom","https://randomuser.me/api/portraits/men/19.jpg"
35,"Jayden","Barnaby","Canada","https://randomuser.me/api/portraits/men/50.jpg"
36,"Mazen","Van Elk","Netherlands","https://randomuser.me/api/portraits/men/49.jpg"
37,"Herwig","Lampert","Germany","https://randomuser.me/api/portraits/men/35.jpg"
38,"Maritta","Seubert","Germany","https://randomuser.me/api/portraits/women/46.jpg"
39,"Blagodar","Zagaykevich","Ukraine","https://randomuser.me/api/portraits/men/81.jpg"
40,"Advaith","Chatterjee","India","https://randomuser.me/api/portraits/men/39.jpg"
41,"Raimunda","da Paz","Brazil","https://randomuser.me/api/portraits/women/95.jpg"
42,"Anders","Svela","Norway","https://randomuser.me/api/portraits/men/81.jpg"
43,"Ryder","Jean-Baptiste","Canada","https://randomuser.me/api/portraits/men/86.jpg"
44,"Elsie","Fields","United States","https://randomuser.me/api/portraits/women/11.jpg"
45,"Aleksi","Niva","Finland","https://randomuser.me/api/portraits/men/93.jpg"
46,"Laura","Christensen","Denmark","https://randomuser.me/api/portraits/women/37.jpg"
47,"Magdalena","Vučetić","Serbia","https://randomuser.me/api/portraits/women/88.jpg"
48,"Dianne","Curtis","Australia","https://randomuser.me/api/portraits/women/62.jpg"
49,"Afşar","Akman","Turkey","https://randomuser.me/api/portraits/women/34.jpg"
50,"Stanimira","Lebedinec","Ukraine","https://randomuser.me/api/portraits/women/29.jpg"
51,"Shwetha","Gatty","India","https://randomuser.me/api/portraits/women/10.jpg"
52,"Yasemin","Erbay","Turkey","https://randomuser.me/api/portraits/women/63.jpg"
53,"Juho","Justi","Finland","https://randomuser.me/api/portraits/men/89.jpg"
54,"Kasper","Mantyla","Finland","https://randomuser.me/api/portraits/men/48.jpg"
55,"Kahaan","Shroff","India","https://randomuser.me/api/portraits/men/60.jpg"
56,"Felecia","Diaz","United States","https://randomuser.me/api/portraits/women/31.jpg"
57,"Josefine","Christensen","Denmark","https://randomuser.me/api/portraits/women/59.jpg"
58,"Carter","Hicks","United States","https://randomuser.me/api/portraits/men/66.jpg"
59,"Signe","Pedersen","Denmark","https://randomuser.me/api/portraits/women/10.jpg"
60,"Isabelle","Boller","Germany","https://randomuser.me/api/portraits/women/67.jpg"
61,"Alex","Walters","United Kingdom","https://randomuser.me/api/portraits/men/58.jpg"
62,"Luke","Carroll","Ireland","https://randomuser.me/api/portraits/men/35.jpg"
63,"Ievfrosiniya","Yakovishin","Ukraine","https://randomuser.me/api/portraits/women/77.jpg"
64,"Barış","Erkekli","Turkey","https://randomuser.me/api/portraits/men/54.jpg"
65,"Jimi","Jokinen","Finland","https://randomuser.me/api/portraits/men/10.jpg"
66,"Dwight","Reid","Ireland","https://randomuser.me/api/portraits/men/34.jpg"
67,"Katie","Zhang","New Zealand","https://randomuser.me/api/portraits/women/80.jpg"
68,"Adrian","Daniels","United States","https://randomuser.me/api/portraits/men/49.jpg"
69,"Leticia","Bernard","Switzerland","https://randomuser.me/api/portraits/women/39.jpg"
70,"Derek","Weaver","Australia","https://randomuser.me/api/portraits/men/32.jpg"
71,"Sinezora","Gerbanovskiy","Ukraine","https://randomuser.me/api/portraits/women/29.jpg"
72,"Olivia","Faure","France","https://randomuser.me/api/portraits/women/42.jpg"
73,"Emmeli","Løvaas","Norway","https://randomuser.me/api/portraits/women/74.jpg"
74,"Nalan","Nalbantoğlu","Turkey","https://randomuser.me/api/portraits/women/17.jpg"
75,"Osman","Lefebvre","Switzerland","https://randomuser.me/api/portraits/men/2.jpg"
76,"Heide-Marie","Weisser","Germany","https://randomuser.me/api/portraits/women/66.jpg"
77,"Amelia","Gamboa","Mexico","https://randomuser.me/api/portraits/women/4.jpg"
78,"Antonin","Rousseau","France","https://randomuser.me/api/portraits/men/36.jpg"
79,"Anita","Kahlert","Germany","https://randomuser.me/api/portraits/women/17.jpg"
80,"Aaron","Gregor","Germany","https://randomuser.me/api/portraits/men/12.jpg"
81,"Barbara","Liebl","Germany","https://randomuser.me/api/portraits/women/34.jpg"
82,"Vlada","Yurchak","Ukraine","https://randomuser.me/api/portraits/women/67.jpg"
83,"Lucy","Ray","Australia","https://randomuser.me/api/portraits/women/70.jpg"
84,"Eldar","Aurstad","Norway","https://randomuser.me/api/portraits/men/14.jpg"
85,"Audrey","Kuhn","Australia","https://randomuser.me/api/portraits/women/37.jpg"
86,"Tommy","Little","United States","https://randomuser.me/api/portraits/men/51.jpg"
87,"Vitryan","Sviridovskiy","Ukraine","https://randomuser.me/api/portraits/men/86.jpg"
88,"Cameron","Ellis","United States","https://randomuser.me/api/portraits/men/50.jpg"
89,"Rose","Chen","New Zealand","https://randomuser.me/api/portraits/women/22.jpg"
90,"Marie","Dunn","United Kingdom","https://randomuser.me/api/portraits/women/58.jpg"
91,"Nina","Hall","New Zealand","https://randomuser.me/api/portraits/women/69.jpg"
92,"Loan","Philippe","France","https://randomuser.me/api/portraits/men/36.jpg"
93,"Elliot","French","Canada","https://randomuser.me/api/portraits/men/33.jpg"
94,"Jackson","Hughes","New Zealand","https://randomuser.me/api/portraits/men/80.jpg"
95,"Annabell","Myrhaug","Norway","https://randomuser.me/api/portraits/women/73.jpg"
96,"Susanna","Langeland","Norway","https://randomuser.me/api/portraits/women/35.jpg"
97,"Gaute","Midtgård","Norway","https://randomuser.me/api/portraits/men/17.jpg"
98,"Ralph","Ramos","Australia","https://randomuser.me/api/portraits/men/58.jpg"
99,"Teodor","Vikanes","Norway","https://randomuser.me/api/portraits/men/51.jpg"
100,"Jordan","Leclercq","Switzerland","https://randomuser.me/api/portraits/men/71.jpg"
101,"Shauny","Haanen","Netherlands","https://randomuser.me/api/portraits/women/88.jpg"
102,"Çetin","Koçoğlu","Turkey","https://randomuser.me/api/portraits/men/21.jpg"
103,"Veronika","Dzyuba","Ukraine","https://randomuser.me/api/portraits/women/51.jpg"
104,"Azuma","Arias","Mexico","https://randomuser.me/api/portraits/men/46.jpg"
105,"اميرحسين","احمدی","Iran","https://randomuser.me/api/portraits/men/20.jpg"
106,"Osmomisla","Luzheckiy","Ukraine","https://randomuser.me/api/portraits/women/14.jpg"
107,"Lisa","Kühl","Germany","https://randomuser.me/api/portraits/women/14.jpg"
108,"Manthan","Babu","India","https://randomuser.me/api/portraits/men/82.jpg"
109,"Francisco","Stevens","Australia","https://randomuser.me/api/portraits/men/97.jpg"
110,"Abdelkader","Van Hamond","Netherlands","https://randomuser.me/api/portraits/men/65.jpg"
111,"Harriet","Thomas","New Zealand","https://randomuser.me/api/portraits/women/14.jpg"
112,"Carter","White","Canada","https://randomuser.me/api/portraits/men/28.jpg"
113,"Leonardo","Solís","Mexico","https://randomuser.me/api/portraits/men/99.jpg"
114,"Jane","Long","Australia","https://randomuser.me/api/portraits/women/95.jpg"
115,"Hannes","Laue","Germany","https://randomuser.me/api/portraits/men/69.jpg"
116,"Lea","Christensen","Denmark","https://randomuser.me/api/portraits/women/62.jpg"
117,"Alberte","Johansen","Denmark","https://randomuser.me/api/portraits/women/15.jpg"
118,"Cecilie","Thomsen","Denmark","https://randomuser.me/api/portraits/women/57.jpg"
119,"Mike","Reed","United States","https://randomuser.me/api/portraits/men/51.jpg"
120,"Luka","Vincent","France","https://randomuser.me/api/portraits/men/39.jpg"
121,"Jakov","Kalinić","Serbia","https://randomuser.me/api/portraits/men/86.jpg"
122,"Necati","Süleymanoğlu","Turkey","https://randomuser.me/api/portraits/men/41.jpg"
123,"Léandre","Guillot","France","https://randomuser.me/api/portraits/men/94.jpg"
124,"Varsha","Saniel","India","https://randomuser.me/api/portraits/women/55.jpg"
125,"Marina","Molina","Spain","https://randomuser.me/api/portraits/women/87.jpg"
126,"Kyle","Williams","Ireland","https://randomuser.me/api/portraits/men/7.jpg"
127,"Sanni","Peltola","Finland","https://randomuser.me/api/portraits/women/77.jpg"
128,"Gary","Silva","Ireland","https://randomuser.me/api/portraits/men/12.jpg"
129,"Jesus","Riviere","Switzerland","https://randomuser.me/api/portraits/men/99.jpg"
130,"Lyam","Gerard","France","https://randomuser.me/api/portraits/men/46.jpg"
131,"Holly","Singh","New Zealand","https://randomuser.me/api/portraits/women/25.jpg"
132,"فاطمه زهرا","گلشن","Iran","https://randomuser.me/api/portraits/women/95.jpg"
133,"Marshall","Pearson","Ireland","https://randomuser.me/api/portraits/men/94.jpg"
134,"Rogelio","Corrales","Mexico","https://randomuser.me/api/portraits/men/13.jpg"
135,"Carice","Roodnat","Netherlands","https://randomuser.me/api/portraits/women/88.jpg"
136,"Marcus","Sørensen","Denmark","https://randomuser.me/api/portraits/men/82.jpg"
137,"Gusti","Ehmann","Germany","https://randomuser.me/api/portraits/women/52.jpg"
138,"Cristian","Quintanilla","Mexico","https://randomuser.me/api/portraits/men/90.jpg"
139,"Georgia","Kelly","United States","https://randomuser.me/api/portraits/women/35.jpg"
140,"Roope","Arola","Finland","https://randomuser.me/api/portraits/men/58.jpg"
141,"Veraldina","Peixoto","Brazil","https://randomuser.me/api/portraits/women/71.jpg"
142,"Archie","Walker","New Zealand","https://randomuser.me/api/portraits/men/64.jpg"
143,"Adalbert","Schmoll","Germany","https://randomuser.me/api/portraits/men/25.jpg"
144,"José Eduardo","Saldivar","Mexico","https://randomuser.me/api/portraits/men/84.jpg"
145,"María","Gutiérrez","Spain","https://randomuser.me/api/portraits/women/17.jpg"
146,"Nela","Rostad","Norway","https://randomuser.me/api/portraits/women/68.jpg"
147,"Ege","Samancı","Turkey","https://randomuser.me/api/portraits/women/62.jpg"
148,"Inamar","Moraes","Brazil","https://randomuser.me/api/portraits/women/7.jpg"
149,"Svetlana","Renaud","Switzerland","https://randomuser.me/api/portraits/women/80.jpg"
150,"Phoebe","Alexander","United Kingdom","https://randomuser.me/api/portraits/women/57.jpg"
151,"Suzanne","Bavelaar","Netherlands","https://randomuser.me/api/portraits/women/69.jpg"
152,"Leah","Evans","New Zealand","https://randomuser.me/api/portraits/women/20.jpg"
153,"Ella","Johansen","Denmark","https://randomuser.me/api/portraits/women/16.jpg"
154,"اميرمحمد","علیزاده","Iran","https://randomuser.me/api/portraits/men/58.jpg"
155,"Levi","Hall","New Zealand","https://randomuser.me/api/portraits/men/53.jpg"
156,"Elma","Ugelstad","Norway","https://randomuser.me/api/portraits/women/22.jpg"
157,"Udo","Jesus","Brazil","https://randomuser.me/api/portraits/men/32.jpg"
158,"Melissa","Martinez","Australia","https://randomuser.me/api/portraits/women/46.jpg"
159,"Hemang","Shukla","India","https://randomuser.me/api/portraits/men/45.jpg"
160,"Gustav","Nielsen","Denmark","https://randomuser.me/api/portraits/men/5.jpg"
161,"Terra","Reid","United States","https://randomuser.me/api/portraits/women/61.jpg"
162,"Kimberly","Walters","United Kingdom","https://randomuser.me/api/portraits/women/92.jpg"
163,"Gabrielle","Chu","Canada","https://randomuser.me/api/portraits/women/51.jpg"
164,"Hanny","Michler","Germany","https://randomuser.me/api/portraits/women/17.jpg"
165,"Mikkel","Andersen","Denmark","https://randomuser.me/api/portraits/men/3.jpg"
166,"رها","احمدی","Iran","https://randomuser.me/api/portraits/women/71.jpg"
167,"Norah","Røkke","Norway","https://randomuser.me/api/portraits/women/55.jpg"
168,"Sherri","Carpenter","United States","https://randomuser.me/api/portraits/women/79.jpg"
169,"Frederik","Mortensen","Denmark","https://randomuser.me/api/portraits/men/62.jpg"
170,"Teunie","Ten Caat","Netherlands","https://randomuser.me/api/portraits/women/6.jpg"
171,"Eemeli","Heikkinen","Finland","https://randomuser.me/api/portraits/men/24.jpg"
172,"Laurie","Sirko","Canada","https://randomuser.me/api/portraits/women/56.jpg"
173,"Jeanne","Picard","France","https://randomuser.me/api/portraits/women/1.jpg"
174,"Cailey","Van Loon","Netherlands","https://randomuser.me/api/portraits/women/78.jpg"
175,"Rava","Dichenko","Ukraine","https://randomuser.me/api/portraits/men/71.jpg"
176,"Bértil","Souza","Brazil","https://randomuser.me/api/portraits/men/49.jpg"
177,"Alisa","Pietila","Finland","https://randomuser.me/api/portraits/women/18.jpg"
178,"Charlotte","Steward","United Kingdom","https://randomuser.me/api/portraits/women/73.jpg"
179,"Buymir","Chaban","Ukraine","https://randomuser.me/api/portraits/men/87.jpg"
180,"Romano","Deschamps","Switzerland","https://randomuser.me/api/portraits/men/32.jpg"
181,"Deborah","Terry","United Kingdom","https://randomuser.me/api/portraits/women/29.jpg"
182,"Aziz","Büttner","Germany","https://randomuser.me/api/portraits/men/1.jpg"
183,"Louisa","Rousseau","France","https://randomuser.me/api/portraits/women/34.jpg"
184,"Amelia","Novak","Canada","https://randomuser.me/api/portraits/women/71.jpg"
185,"Alice","Clark","Canada","https://randomuser.me/api/portraits/women/8.jpg"
186,"Romain","Roux","France","https://randomuser.me/api/portraits/men/24.jpg"
187,"Jules","Fontai","Switzerland","https://randomuser.me/api/portraits/men/87.jpg"
188,"Miloš","Pištalo","Serbia","https://randomuser.me/api/portraits/men/32.jpg"
189,"Julija","Paunović","Serbia","https://randomuser.me/api/portraits/women/76.jpg"
190,"Maxime","Ambrose","Canada","https://randomuser.me/api/portraits/men/29.jpg"
191,"Pavle","Šerbedžija","Serbia","https://randomuser.me/api/portraits/men/8.jpg"
192,"Rudana","Kalchenko","Ukraine","https://randomuser.me/api/portraits/women/96.jpg"
193,"Joel","Wells","Australia","https://randomuser.me/api/portraits/men/52.jpg"
194,"Alexandra","Banks","United Kingdom","https://randomuser.me/api/portraits/women/63.jpg"
195,"David","Matthews","Australia","https://randomuser.me/api/portraits/men/41.jpg"
196,"Maeva","Patel","Canada","https://randomuser.me/api/portraits/women/39.jpg"
197,"Darren","Craig","Ireland","https://randomuser.me/api/portraits/men/96.jpg"
198,"Rishma","Noij","Netherlands","https://randomuser.me/api/portraits/women/30.jpg"
199,"Shreedevi","Chiplunkar","India","https://randomuser.me/api/portraits/women/58.jpg"
200,"Karla","Kristensen","Denmark","https://randomuser.me/api/portraits/women/18.jpg"
201,"Catherine","Oliver","United States","https://randomuser.me/api/portraits/women/66.jpg"
202,"Stella","Lee","New Zealand","https://randomuser.me/api/portraits/women/91.jpg"
203,"Mille","Alsaker","Norway","https://randomuser.me/api/portraits/women/54.jpg"
204,"بهار","نجاتی","Iran","https://randomuser.me/api/portraits/women/61.jpg"
205,"Chris","Rodriguez","United Kingdom","https://randomuser.me/api/portraits/men/77.jpg"
206,"Väinö","Elo","Finland","https://randomuser.me/api/portraits/men/97.jpg"
207,"Jeremy","Chu","Canada","https://randomuser.me/api/portraits/men/3.jpg"
208,"Armin","Fykse","Norway","https://randomuser.me/api/portraits/men/83.jpg"
209,"Jasmine","Smith","Canada","https://randomuser.me/api/portraits/women/59.jpg"
210,"Willow","Li","New Zealand","https://randomuser.me/api/portraits/women/86.jpg"
211,"آرتين","نجاتی","Iran","https://randomuser.me/api/portraits/men/81.jpg"
212,"Karl-August","Grenz","Germany","https://randomuser.me/api/portraits/men/87.jpg"
213,"Steffen","Rekkedal","Norway","https://randomuser.me/api/portraits/men/4.jpg"
214,"Verónica","Moya","Spain","https://randomuser.me/api/portraits/women/94.jpg"
215,"Marceau","Perrin","France","https://randomuser.me/api/portraits/men/52.jpg"
216,"Hana","Martin","Switzerland","https://randomuser.me/api/portraits/women/1.jpg"
217,"Daniel","Mendoza","Australia","https://randomuser.me/api/portraits/men/5.jpg"
218,"Jelena","Radović","Serbia","https://randomuser.me/api/portraits/women/5.jpg"
219,"Susanna","Miller","United Kingdom","https://randomuser.me/api/portraits/women/29.jpg"
220,"Erika","Petzold","Germany","https://randomuser.me/api/portraits/women/71.jpg"
221,"Evan","Roux","Switzerland","https://randomuser.me/api/portraits/men/14.jpg"
222,"Cecil","Green","United Kingdom","https://randomuser.me/api/portraits/men/79.jpg"
223,"Sanne","Van Donkelaar","Netherlands","https://randomuser.me/api/portraits/men/36.jpg"
224,"Lily","Larson","Australia","https://randomuser.me/api/portraits/women/50.jpg"
225,"Iina","Hannula","Finland","https://randomuser.me/api/portraits/women/68.jpg"
226,"David","Ulloa","Mexico","https://randomuser.me/api/portraits/men/87.jpg"
227,"Eli","Wells","Ireland","https://randomuser.me/api/portraits/men/42.jpg"
228,"Kenzo","Morel","France","https://randomuser.me/api/portraits/men/76.jpg"
229,"Tarosik","Gorzhiy","Ukraine","https://randomuser.me/api/portraits/men/77.jpg"
230,"Nalan","Polat","Turkey","https://randomuser.me/api/portraits/women/71.jpg"
231,"Matias","Maki","Finland","https://randomuser.me/api/portraits/men/95.jpg"
232,"Vår","Valen","Norway","https://randomuser.me/api/portraits/women/36.jpg"
233,"Kiyan","Dumka","Ukraine","https://randomuser.me/api/portraits/men/74.jpg"
234,"Vorotislav","Yurkova","Ukraine","https://randomuser.me/api/portraits/men/25.jpg"
235,"Archer","Thomas","New Zealand","https://randomuser.me/api/portraits/men/65.jpg"
236,"Estelle","Nguyen","Switzerland","https://randomuser.me/api/portraits/women/25.jpg"
237,"Yashodha","Bharanya","India","https://randomuser.me/api/portraits/women/24.jpg"
238,"Angelo","Bruggink","Netherlands","https://randomuser.me/api/portraits/men/26.jpg"
239,"Hildebrando","Silveira","Brazil","https://randomuser.me/api/portraits/men/19.jpg"
240,"Ashley","Fleming","Australia","https://randomuser.me/api/portraits/women/37.jpg"
241,"Damien","Legrand","France","https://randomuser.me/api/portraits/men/85.jpg"
242,"Ülkü","Erdoğan","Turkey","https://randomuser.me/api/portraits/women/50.jpg"
243,"Eduardo","Cooper","Australia","https://randomuser.me/api/portraits/men/79.jpg"
244,"Maya","Jean-Baptiste","Canada","https://randomuser.me/api/portraits/women/44.jpg"
245,"Olivier","Lévesque","Canada","https://randomuser.me/api/portraits/men/10.jpg"
246,"Stella","Davidson","United States","https://randomuser.me/api/portraits/women/63.jpg"
247,"Jeremiah","Palmer","United States","https://randomuser.me/api/portraits/men/2.jpg"
248,"Josep","Navarro","Spain","https://randomuser.me/api/portraits/men/43.jpg"
249,"Ali","Schnitzler","Germany","https://randomuser.me/api/portraits/men/9.jpg"
250,"Zaide","Silva","Brazil","https://randomuser.me/api/portraits/women/91.jpg"
251,"Rita","Wilson","United States","https://randomuser.me/api/portraits/women/67.jpg"
252,"Abbie","Hanson","United Kingdom","https://randomuser.me/api/portraits/women/32.jpg"
253,"Rostunya","Senkovskiy","Ukraine","https://randomuser.me/api/portraits/women/73.jpg"
254,"Oliver","Rasmussen","Denmark","https://randomuser.me/api/portraits/men/97.jpg"
255,"Domingo","Santos","Spain","https://randomuser.me/api/portraits/men/64.jpg"
256,"Virodar","Farina","Ukraine","https://randomuser.me/api/portraits/men/68.jpg"
257,"Concepción","Cabrera","Spain","https://randomuser.me/api/portraits/women/87.jpg"
258,"Raúl","Lorenzo","Spain","https://randomuser.me/api/portraits/men/21.jpg"
259,"Barry","Mckinney","Australia","https://randomuser.me/api/portraits/men/86.jpg"
260,"Cristian","Campos","Spain","https://randomuser.me/api/portraits/men/37.jpg"
261,"Patsy","Riley","United States","https://randomuser.me/api/portraits/women/70.jpg"
262,"Inamar","Rezende","Brazil","https://randomuser.me/api/portraits/women/61.jpg"
263,"Kim","Burton","United Kingdom","https://randomuser.me/api/portraits/women/27.jpg"
264,"Berto","Araújo","Brazil","https://randomuser.me/api/portraits/men/53.jpg"
265,"Sebastian","Webb","United States","https://randomuser.me/api/portraits/men/40.jpg"
266,"Jeremy","Roberts","Australia","https://randomuser.me/api/portraits/men/57.jpg"
267,"Aurore","Meyer","France","https://randomuser.me/api/portraits/women/25.jpg"
268,"Jesper","Ramsøy","Norway","https://randomuser.me/api/portraits/men/1.jpg"
269,"Susano","da Costa","Brazil","https://randomuser.me/api/portraits/men/33.jpg"
270,"Janusz","Wollschläger","Germany","https://randomuser.me/api/portraits/men/74.jpg"
271,"Zackary","Barnaby","Canada","https://randomuser.me/api/portraits/men/40.jpg"
272,"Väinö","Lampi","Finland","https://randomuser.me/api/portraits/men/67.jpg"
273,"Torbjørn","Stordahl","Norway","https://randomuser.me/api/portraits/men/66.jpg"
274,"Mile","Ilić","Serbia","https://randomuser.me/api/portraits/men/43.jpg"
275,"Gordodum","Zadunayskiy","Ukraine","https://randomuser.me/api/portraits/men/96.jpg"
276,"Slavolyub","Kitastiy","Ukraine","https://randomuser.me/api/portraits/men/36.jpg"
277,"Amalie","Petersen","Denmark","https://randomuser.me/api/portraits/women/32.jpg"
278,"Roman","Cooper","New Zealand","https://randomuser.me/api/portraits/men/71.jpg"
279,"Brittany","Davidson","United States","https://randomuser.me/api/portraits/women/29.jpg"
280,"Emmelin","Slåtten","Norway","https://randomuser.me/api/portraits/women/10.jpg"
281,"Neutel","Duarte","Brazil","https://randomuser.me/api/portraits/men/0.jpg"
282,"Yannic","Westenbrink","Netherlands","https://randomuser.me/api/portraits/men/32.jpg"
283,"Cohen","Thomas","New Zealand","https://randomuser.me/api/portraits/men/86.jpg"
284,"Candice","Frazier","United States","https://randomuser.me/api/portraits/women/24.jpg"
285,"Ryan","Clark","United States","https://randomuser.me/api/portraits/men/75.jpg"
286,"Hans-Karl","Wilhelm","Germany","https://randomuser.me/api/portraits/men/25.jpg"
287,"Antonina","Bachmeier","Germany","https://randomuser.me/api/portraits/women/4.jpg"
288,"Leana","Morin","France","https://randomuser.me/api/portraits/women/47.jpg"
289,"Spasoje","Spajić","Serbia","https://randomuser.me/api/portraits/men/21.jpg"
290,"Diego","Langli","Norway","https://randomuser.me/api/portraits/men/51.jpg"
291,"Lidia","Castro","Spain","https://randomuser.me/api/portraits/women/42.jpg"
292,"Julie","Grant","Ireland","https://randomuser.me/api/portraits/women/81.jpg"
293,"پارسا","کوتی","Iran","https://randomuser.me/api/portraits/men/40.jpg"
294,"Joey","Lowe","Ireland","https://randomuser.me/api/portraits/men/32.jpg"
295,"Marilou","Andersen","Canada","https://randomuser.me/api/portraits/women/42.jpg"
296,"Luna","Roy","France","https://randomuser.me/api/portraits/women/31.jpg"
297,"Willie","Crawford","Australia","https://randomuser.me/api/portraits/women/86.jpg"
298,"Alberte","Christiansen","Denmark","https://randomuser.me/api/portraits/women/67.jpg"
299,"Inaya","Carpentier","France","https://randomuser.me/api/portraits/women/39.jpg"
300,"Loane","Clement","France","https://randomuser.me/api/portraits/women/24.jpg"
301,"مارال","كامياران","Iran","https://randomuser.me/api/portraits/women/40.jpg"
302,"Dona","Naik","India","https://randomuser.me/api/portraits/women/38.jpg"
303,"Rosalyn","Owens","Ireland","https://randomuser.me/api/portraits/women/31.jpg"
304,"Angela","Reynolds","United Kingdom","https://randomuser.me/api/portraits/women/3.jpg"
305,"Rose","Roche","France","https://randomuser.me/api/portraits/women/35.jpg"
306,"Lilian","Robin","France","https://randomuser.me/api/portraits/men/14.jpg"
307,"Jayden","Gagné","Canada","https://randomuser.me/api/portraits/men/51.jpg"
308,"Alexander","Wilson","Canada","https://randomuser.me/api/portraits/men/54.jpg"
309,"Miroslawa","Kolbeck","Germany","https://randomuser.me/api/portraits/women/20.jpg"
310,"Vujadin","Sekulić","Serbia","https://randomuser.me/api/portraits/men/52.jpg"
311,"Karol","Sigvartsen","Norway","https://randomuser.me/api/portraits/men/70.jpg"
312,"Jerónimo","Santos","Brazil","https://randomuser.me/api/portraits/men/26.jpg"
313,"رها","علیزاده","Iran","https://randomuser.me/api/portraits/women/90.jpg"
314,"Raquel","Jaimes","Mexico","https://randomuser.me/api/portraits/women/4.jpg"
315,"Jaime","Pizarro","Mexico","https://randomuser.me/api/portraits/men/23.jpg"
316,"Clóvis","da Cruz","Brazil","https://randomuser.me/api/portraits/men/28.jpg"
317,"Nadežda","Polić","Serbia","https://randomuser.me/api/portraits/women/87.jpg"
318,"Scarlett","Mitchell","Ireland","https://randomuser.me/api/portraits/women/39.jpg"
319,"Melvin","Diaz","United States","https://randomuser.me/api/portraits/men/89.jpg"
320,"Elizabeth","Holland","Ireland","https://randomuser.me/api/portraits/women/23.jpg"
